player_name,timestamp
tom brady,2024-11-05 23:34:06
Lebron James,2024-11-05 23:34:14
Travis Kelce,2024-11-05 23:46:57
Lebron James,2024-11-05 23:47:54
Lebron James,2024-11-05 23:47:58
Michael Jordan,2024-11-05 23:48:03
Michael Jordan,2024-11-05 23:48:07
Michael Jordan,2024-11-05 23:48:12
Michael Jordan,2024-11-05 23:48:16
Michael Jordan,2024-11-05 23:48:20
Lebron James,2024-11-05 23:55:30
Lebron James,2024-11-05 23:55:36
Lebron James,2024-11-05 23:55:42
Lebron James,2024-11-05 23:55:48
Lebron James,2024-11-05 23:55:49
Michael Jordan,2024-11-06 00:14:13
Michael Jordan,2024-11-06 00:14:20
Michael Jordan,2024-11-06 00:14:27
Michael Jordan,2024-11-06 00:14:55
Lebron James,2024-11-06 00:15:03
Lebron James,2024-11-06 00:15:11
Lebron James,2024-11-06 00:16:52
Michael Jordan,2024-11-06 00:24:22
Michael Jordan,2024-11-06 00:24:29
Michael Jordan,2024-11-06 00:24:39
Travis Kelce,2024-11-06 00:49:15
Michael Jordan,2024-11-06 00:49:23
Travis Kelce,2024-11-06 00:50:02
Luka Doncic,2024-11-06 00:51:03
Travis Kelce,2024-11-06 00:55:01
Lebron James,2024-11-06 01:01:40
Lebron James,2024-11-06 01:09:01
Lebron James,2024-11-06 01:10:27
Travis Kelce,2024-11-06 01:15:34
Lebron James,2024-11-06 01:15:43
